partner_type,link
strategic partnership,https://www.weforum.org/organizations/abb-ltd
strategic partnership,https://www.weforum.org/organizations/accenture
strategic partnership,https://www.weforum.org/organizations/adani-ports-and-special-economic-zone-limited-apsez
strategic partnership,https://www.weforum.org/organizations/adecco-group
strategic partnership,https://www.weforum.org/organizations/african-rainbow-minerals
strategic partnership,https://www.weforum.org/organizations/agility
strategic partnership,https://www.weforum.org/organizations/american-international-group-aig
strategic partnership,https://www.weforum.org/organizations/aker-asa
strategic partnership,https://www.weforum.org/organizations/alibaba-group-holding-limited
strategic partnership,https://www.weforum.org/organizations/alixpartners-llp
strategic partnership,https://www.weforum.org/organizations/allianz-se
strategic partnership,https://www.weforum.org/organizations/amazon-com
strategic partnership,https://www.weforum.org/organizations/saudi-aramco
strategic partnership,https://www.weforum.org/organizations/arcelormittal
strategic partnership,https://www.weforum.org/organizations/astrazeneca
strategic partnership,https://www.weforum.org/organizations/bahrain-economic-development-board
strategic partnership,https://www.weforum.org/organizations/bain-company-inc
strategic partnership,https://www.weforum.org/organizations/banco-bradesco-sa
strategic partnership,https://www.weforum.org/organizations/bank-of-america-corporation
strategic partnership,https://www.weforum.org/organizations/barclays
strategic partnership,https://www.weforum.org/organizations/bill-melinda-gates-foundation
strategic partnership,https://www.weforum.org/organizations/blackrock-inc
strategic partnership,https://www.weforum.org/organizations/the-boston-consulting-group
strategic partnership,https://www.weforum.org/organizations/bp-plc
strategic partnership,https://www.weforum.org/organizations/bridgewater-associates-lp
strategic partnership,https://www.weforum.org/organizations/capgemini
strategic partnership,https://www.weforum.org/organizations/chevron-corporation
strategic partnership,https://www.weforum.org/organizations/cisco
strategic partnership,https://www.weforum.org/organizations/citi
strategic partnership,https://www.weforum.org/organizations/cognizant-technology-solutions
strategic partnership,https://www.weforum.org/organizations/dell-inc
strategic partnership,https://www.weforum.org/organizations/deloitte
strategic partnership,https://www.weforum.org/organizations/dentsu-inc
strategic partnership,https://www.weforum.org/organizations/deutsche-bank-ag
strategic partnership,https://www.weforum.org/organizations/deutsche-post-dhl-group
strategic partnership,https://www.weforum.org/organizations/dp-world
strategic partnership,https://www.weforum.org/organizations/royal-dsm-nv
strategic partnership,https://www.weforum.org/organizations/telefonaktiebolaget-lm-ericsson
strategic partnership,https://www.weforum.org/organizations/ey
strategic partnership,https://www.weforum.org/organizations/the-goldman-sachs-group-inc
strategic partnership,https://www.weforum.org/organizations/google
strategic partnership,https://www.weforum.org/organizations/hanwha-corporation
strategic partnership,https://www.weforum.org/organizations/hcl-technologies-ltd
strategic partnership,https://www.weforum.org/organizations/hewlett-packard-enterprise
strategic partnership,https://www.weforum.org/organizations/hitachi-ltd
strategic partnership,https://www.weforum.org/organizations/honeywell
strategic partnership,https://www.weforum.org/organizations/hong-kong-exchanges-and-clearing-hkex
strategic partnership,https://www.weforum.org/organizations/hp-inc
strategic partnership,https://www.weforum.org/organizations/hsbc-holdings-plc
strategic partnership,https://www.weforum.org/organizations/huawei-technologies-co-ltd
strategic partnership,https://www.weforum.org/organizations/burda-media
strategic partnership,https://www.weforum.org/organizations/ibm-corporation
strategic partnership,https://www.weforum.org/organizations/infosys-ltd
strategic partnership,https://www.weforum.org/organizations/intel-corporation
strategic partnership,https://www.weforum.org/organizations/itau-unibanco-sa
strategic partnership,https://www.weforum.org/organizations/jll
strategic partnership,https://www.weforum.org/organizations/johnson-johnson
strategic partnership,https://www.weforum.org/organizations/jpmorgan-chase-co
strategic partnership,https://www.weforum.org/organizations/kearney-inc
strategic partnership,https://www.weforum.org/organizations/kpmg-international-cooperative
strategic partnership,https://www.weforum.org/organizations/kudelski-group
strategic partnership,https://www.weforum.org/organizations/lazard
strategic partnership,https://www.weforum.org/organizations/quinenco-sa
strategic partnership,https://www.weforum.org/organizations/mahindra-mahindra-ltd
strategic partnership,https://www.weforum.org/organizations/majid-al-futtaim-holding-llc
strategic partnership,https://www.weforum.org/organizations/manpowergroup
strategic partnership,https://www.weforum.org/organizations/marsh-mclennan-companies-mmc
strategic partnership,https://www.weforum.org/organizations/mastercard
strategic partnership,https://www.weforum.org/organizations/mckinsey-company
strategic partnership,https://www.weforum.org/organizations/facebook-inc
strategic partnership,https://www.weforum.org/organizations/microsoft-corporation
strategic partnership,https://www.weforum.org/organizations/mitsubishi-corporation
strategic partnership,https://www.weforum.org/organizations/mitsubishi-heavy-industries-ltd
strategic partnership,https://www.weforum.org/organizations/morgan-stanley
strategic partnership,https://www.weforum.org/organizations/mubadala-development-company
strategic partnership,https://www.weforum.org/organizations/nestle-sa
strategic partnership,https://www.weforum.org/organizations/novartis-ag
strategic partnership,https://www.weforum.org/organizations/novo-nordisk-foundation
strategic partnership,https://www.weforum.org/organizations/open-society-institute
strategic partnership,https://www.weforum.org/organizations/palantir-technologies
strategic partnership,https://www.weforum.org/organizations/paypal-inc
strategic partnership,https://www.weforum.org/organizations/pepsico-inc
strategic partnership,https://www.weforum.org/organizations/pfizer
strategic partnership,https://www.weforum.org/organizations/procter-gamble
strategic partnership,https://www.weforum.org/organizations/publicis-groupe-sa
strategic partnership,https://www.weforum.org/organizations/pricewaterhousecoopers-llp
strategic partnership,https://www.weforum.org/organizations/qatar-investment-authority
strategic partnership,https://www.weforum.org/organizations/qualcomm-incorporated
strategic partnership,https://www.weforum.org/organizations/reliance-industries-limited
strategic partnership,https://www.weforum.org/organizations/royal-philips
strategic partnership,https://www.weforum.org/organizations/s-p-global
strategic partnership,https://www.weforum.org/organizations/salesforce-1
strategic partnership,https://www.weforum.org/organizations/sap-se
strategic partnership,https://www.weforum.org/organizations/saudi-basic-industries-corporation-sabic
strategic partnership,https://www.weforum.org/organizations/schneider-electric-sa
strategic partnership,https://www.weforum.org/organizations/sequoia-capital-group
strategic partnership,https://www.weforum.org/organizations/siemens-ag
strategic partnership,https://www.weforum.org/organizations/sk-holdings
strategic partnership,https://www.weforum.org/organizations/socar
strategic partnership,https://www.weforum.org/organizations/sony-corporation
strategic partnership,https://www.weforum.org/organizations/standard-chartered-bank
strategic partnership,https://www.weforum.org/organizations/suntory-holdings-limited
strategic partnership,https://www.weforum.org/organizations/swiss-reinsurance-company-ltd
strategic partnership,https://www.weforum.org/organizations/takeda-pharmaceutical-company-limited
strategic partnership,https://www.weforum.org/organizations/tata-consultancy-services-ltd
strategic partnership,https://www.weforum.org/organizations/the-coca-cola-company
strategic partnership,https://www.weforum.org/organizations/uber
strategic partnership,https://www.weforum.org/organizations/ubs-switzerland-ag
strategic partnership,https://www.weforum.org/organizations/unilever
strategic partnership,https://www.weforum.org/organizations/verizon-communications
strategic partnership,https://www.weforum.org/organizations/visa-usa-inc
strategic partnership,https://www.weforum.org/organizations/volkswagen-ag
strategic partnership,https://www.weforum.org/organizations/ab-volvo
strategic partnership,https://www.weforum.org/organizations/the-wellcome-trust
strategic partnership,https://www.weforum.org/organizations/wipro-limited
strategic partnership,https://www.weforum.org/organizations/yara-international-asa
strategic partnership,https://www.weforum.org/organizations/zurich-insurance-group
strategic foundation partnership,https://www.weforum.org/organizations/bill-melinda-gates-foundation
strategic foundation partnership,https://www.weforum.org/organizations/salesforce-1
strategic partnership associate,https://www.weforum.org/organizations/barclays-africa-group-limited
strategic partnership associate,https://www.weforum.org/organizations/amtd-group
strategic partnership associate,https://www.weforum.org/organizations/banco-santander-sa
strategic partnership associate,https://www.weforum.org/organizations/bloomberg-lp
strategic partnership associate,https://www.weforum.org/organizations/c3-ai
strategic partnership associate,https://www.weforum.org/organizations/contemporary-amperex-technology-catl
strategic partnership associate,https://www.weforum.org/organizations/dubai-electricity-and-water-authority
strategic partnership associate,https://www.weforum.org/organizations/eurasian-resources-group-sarl
strategic partnership associate,https://www.weforum.org/organizations/general-atlantic-llc
strategic partnership associate,https://www.weforum.org/organizations/gic-private-limited
strategic partnership associate,https://www.weforum.org/organizations/ginkgo-bioworks
strategic partnership associate,https://www.weforum.org/organizations/glencore
strategic partnership associate,https://www.weforum.org/organizations/gulfstream-aerospace-corporation
strategic partnership associate,https://www.weforum.org/organizations/hydro
strategic partnership associate,https://www.weforum.org/organizations/hyundai-motor-company
strategic partnership associate,https://www.weforum.org/organizations/indorama-ventures-public-company-limited
strategic partnership associate,https://www.weforum.org/organizations/ing-group
strategic partnership associate,https://www.weforum.org/organizations/invesco
strategic partnership associate,https://www.weforum.org/organizations/loreal
strategic partnership associate,https://www.weforum.org/organizations/linkedin-corporation
strategic partnership associate,https://www.weforum.org/organizations/lord-abbett-co
strategic partnership associate,https://www.weforum.org/organizations/lulu-group-international
strategic partnership associate,https://www.weforum.org/organizations/china-mengniu-dairy-company
strategic partnership associate,https://www.weforum.org/organizations/merck
strategic partnership associate,https://www.weforum.org/organizations/nbcuniversal-inc
strategic partnership associate,https://www.weforum.org/organizations/occidental-petroleum-corporation
strategic partnership associate,https://www.weforum.org/organizations/rabobank-group
strategic partnership associate,https://www.weforum.org/organizations/sempra-energy
strategic partnership associate,https://www.weforum.org/organizations/royal-dutch-shell-plc
strategic partnership associate,https://www.weforum.org/organizations/the-standard-bank-group-limited
strategic partnership associate,https://www.weforum.org/organizations/swift-scrl
strategic partnership associate,https://www.weforum.org/organizations/teck-resources-limited
strategic partnership associate,https://www.weforum.org/organizations/temasek-holdings
strategic partnership associate,https://www.weforum.org/organizations/bytedance-ltd
strategic partnership associate,https://www.weforum.org/organizations/tpg-global-llc
strategic partnership associate,https://www.weforum.org/organizations/tyson-foods
strategic partnership associate,https://www.weforum.org/organizations/upl-ltd
strategic partnership associate,https://www.weforum.org/organizations/vista-equity-partners
strategic partnership associate,https://www.weforum.org/organizations/workday-inc
partnership,https://www.weforum.org/organizations/a-p-moller-maersk-a-s
partnership,https://www.weforum.org/organizations/abbott-laboratories
partnership,https://www.weforum.org/organizations/abn-amro-bank
partnership,https://www.weforum.org/organizations/ackermans-van-haaren
partnership,https://www.weforum.org/organizations/aditya-birla-group
partnership,https://www.weforum.org/organizations/adobe-systems-inc
partnership,https://www.weforum.org/organizations/africa-finance-corporation-afc
partnership,https://www.weforum.org/organizations/african-development-bank-afdb
partnership,https://www.weforum.org/organizations/airport-authority-hong-kong
partnership,https://www.weforum.org/organizations/al-futtaim-trading-group
partnership,https://www.weforum.org/organizations/american-tower-corporation
partnership,https://www.weforum.org/organizations/amerisourcebergen-corporation
partnership,https://www.weforum.org/organizations/analog-devices
partnership,https://www.weforum.org/organizations/anglo-american-plc
partnership,https://www.weforum.org/organizations/anheuser-busch-inbev-nv
partnership,https://www.weforum.org/organizations/antin-infrastructure-partners-sas
partnership,https://www.weforum.org/organizations/apollo-tyres-ltd
partnership,https://www.weforum.org/organizations/apple
partnership,https://www.weforum.org/organizations/axa
partnership,https://www.weforum.org/organizations/bajaj-group
partnership,https://www.weforum.org/organizations/ball-corporation
partnership,https://www.weforum.org/organizations/banco-btg-pactual-sa
partnership,https://www.weforum.org/organizations/bank-julius-baer-co-ltd
partnership,https://www.weforum.org/organizations/bank-rakyat-indonesia-bri
partnership,https://www.weforum.org/organizations/basf-se
partnership,https://www.weforum.org/organizations/bayer-d57cbbcd2e
partnership,https://www.weforum.org/organizations/banco-bilbao-vizcaya-argentaria-sa
partnership,https://www.weforum.org/organizations/bridas-corporation
partnership,https://www.weforum.org/organizations/bharti-airtel-limited
partnership,https://www.weforum.org/organizations/bhp-group
partnership,https://www.weforum.org/organizations/the-blackstone-group
partnership,https://www.weforum.org/organizations/bmo-financial-group
partnership,https://www.weforum.org/organizations/bank-of-new-york-bny-mellon
partnership,https://www.weforum.org/organizations/boeing-company
partnership,https://www.weforum.org/organizations/borgwarner
partnership,https://www.weforum.org/organizations/breakthrough-energy-llc
partnership,https://www.weforum.org/organizations/brightstar-capital-partners
partnership,https://www.weforum.org/organizations/bristol-myers-squibb
partnership,https://www.weforum.org/organizations/brookfield-asset-management
partnership,https://www.weforum.org/organizations/caisse-de-depot-et-placement-du-quebec
partnership,https://www.weforum.org/organizations/canica-holding
partnership,https://www.weforum.org/organizations/cantor-fitzgerald-lp
partnership,https://www.weforum.org/organizations/canyon-partners-llc
partnership,https://www.weforum.org/organizations/cargill-incorporated
partnership,https://www.weforum.org/organizations/carlsberg-a-s
partnership,https://www.weforum.org/organizations/the-carlyle-group
partnership,https://www.weforum.org/organizations/cf-industries-holdings-inc
partnership,https://www.weforum.org/organizations/check-point-software-technologies
partnership,https://www.weforum.org/organizations/chegg
partnership,https://www.weforum.org/organizations/china-guodian-corporation
partnership,https://www.weforum.org/organizations/china-huaneng-group-chng
partnership,https://www.weforum.org/organizations/china-petrochemical-corporation-sinopec-group
partnership,https://www.weforum.org/organizations/circle-internet-financial
partnership,https://www.weforum.org/organizations/citic-group
partnership,https://www.weforum.org/organizations/clariant-international-ltd
partnership,https://www.weforum.org/organizations/compagnie-financiere-tradition
partnership,https://www.weforum.org/organizations/consolidated-contractors-company-ccc
partnership,https://www.weforum.org/organizations/corficolombiana
partnership,https://www.weforum.org/organizations/charoen-pokphand-group
partnership,https://www.weforum.org/organizations/crescent-enterprises
partnership,https://www.weforum.org/organizations/crescent-petroleum
partnership,https://www.weforum.org/organizations/cvc-capital-partners-luxembourg-sarl
partnership,https://www.weforum.org/organizations/cvs-caremark-corporation
partnership,https://www.weforum.org/organizations/daiwa-securities-group
partnership,https://www.weforum.org/organizations/dallas-fort-worth-international-airport
partnership,https://www.weforum.org/organizations/dalmia-bharat-limited
partnership,https://www.weforum.org/organizations/danfoss-a-s
partnership,https://www.weforum.org/organizations/dassault-systemes
partnership,https://www.weforum.org/organizations/the-depository-trust-clearing-corporation-dtcc
partnership,https://www.weforum.org/organizations/development-bank-of-japan-dbj
partnership,https://www.weforum.org/organizations/development-bank-of-southern-africa
partnership,https://www.weforum.org/organizations/dnb-asa
partnership,https://www.weforum.org/organizations/dogan-group-of-companies
partnership,https://www.weforum.org/organizations/the-dow-chemical-company
partnership,https://www.weforum.org/organizations/dsv
partnership,https://www.weforum.org/organizations/dtek
partnership,https://www.weforum.org/organizations/dufry-ag
partnership,https://www.weforum.org/organizations/emirates-telecommunications-corporation-etisalat
partnership,https://www.weforum.org/organizations/ecolab-inc
partnership,https://www.weforum.org/organizations/ecopetrol
partnership,https://www.weforum.org/organizations/edelman
partnership,https://www.weforum.org/organizations/edp-energias-de-portugal
partnership,https://www.weforum.org/organizations/egon-zehnder
partnership,https://www.weforum.org/organizations/eletrobras
partnership,https://www.weforum.org/organizations/emirates-global-aluminium
partnership,https://www.weforum.org/organizations/enel-spa
partnership,https://www.weforum.org/organizations/engie
partnership,https://www.weforum.org/organizations/engro
partnership,https://www.weforum.org/organizations/eni-spa
partnership,https://www.weforum.org/organizations/envision-group
partnership,https://www.weforum.org/organizations/statoil-asa
partnership,https://www.weforum.org/organizations/euroclear
partnership,https://www.weforum.org/organizations/european-bank-for-reconstruction-and-development-ebrd
partnership,https://www.weforum.org/organizations/european-investment-bank-eib
partnership,https://www.weforum.org/organizations/exxaro
partnership,https://www.weforum.org/organizations/exxon-mobil-corporation
partnership,https://www.weforum.org/organizations/first-abu-dhabi-bank
partnership,https://www.weforum.org/organizations/fortescue-metals-group
partnership,https://www.weforum.org/organizations/pacific-rubiales-energy
partnership,https://www.weforum.org/organizations/fti-consulting-inc
partnership,https://www.weforum.org/organizations/fujitsu-limited
partnership,https://www.weforum.org/organizations/gmr-group
partnership,https://www.weforum.org/organizations/greenko
partnership,https://www.weforum.org/organizations/tv-azteca-sab-de-cv
partnership,https://www.weforum.org/organizations/gulf-international-bank-bsc-gib
partnership,https://www.weforum.org/organizations/gunvor-sa
partnership,https://www.weforum.org/organizations/haier-group
partnership,https://www.weforum.org/organizations/hindustan-construction-company-ltd
partnership,https://www.weforum.org/organizations/heidrick-struggles
partnership,https://www.weforum.org/organizations/heineken-nv
partnership,https://www.weforum.org/organizations/henry-schein-inc
partnership,https://www.weforum.org/organizations/hero-group
partnership,https://www.weforum.org/organizations/hines
partnership,https://www.weforum.org/organizations/lafargeholcim-ltd
partnership,https://www.weforum.org/organizations/hologic
partnership,https://www.weforum.org/organizations/hp-trust
partnership,https://www.weforum.org/organizations/htc-via
partnership,https://www.weforum.org/organizations/iberdrola
partnership,https://www.weforum.org/organizations/ifood
partnership,https://www.weforum.org/organizations/illumina
partnership,https://www.weforum.org/organizations/indian-oil-corporation
partnership,https://www.weforum.org/organizations/kadin
partnership,https://www.weforum.org/organizations/indus-group
partnership,https://www.weforum.org/organizations/industrial-development-corporation-of-south-africa-ltd-idc
partnership,https://www.weforum.org/organizations/ikea-group
partnership,https://www.weforum.org/organizations/inmarsat-global
partnership,https://www.weforum.org/organizations/intercorp
partnership,https://www.weforum.org/organizations/international-finance-corporation-ifc
partnership,https://www.weforum.org/organizations/intesa-sanpaolo-spa
partnership,https://www.weforum.org/organizations/investcorp
partnership,https://www.weforum.org/organizations/investec-ltd
partnership,https://www.weforum.org/organizations/iqvia
partnership,https://www.weforum.org/organizations/iron-mountain-information-management
partnership,https://www.weforum.org/organizations/japan-bank-for-international-cooperation-jbic
partnership,https://www.weforum.org/organizations/grupo-jbs-friboi-sa
partnership,https://www.weforum.org/organizations/jera
partnership,https://www.weforum.org/organizations/jeronimo-martins-sgps-sa
partnership,https://www.weforum.org/organizations/jhsf
partnership,https://www.weforum.org/organizations/jsw-group
partnership,https://www.weforum.org/organizations/jubilant-bhartia-group
partnership,https://www.weforum.org/organizations/kaiser-foundation-health-plan-inc
partnership,https://www.weforum.org/organizations/koc-holding-as
partnership,https://www.weforum.org/organizations/kohlberg-kravis-roberts-co-l-p
partnership,https://www.weforum.org/organizations/korea-zinc
partnership,https://www.weforum.org/organizations/the-kuwaiti-danish-dairy-company-kcsc
partnership,https://www.weforum.org/organizations/lg-chem
partnership,https://www.weforum.org/organizations/lgt-group-foundation
partnership,https://www.weforum.org/organizations/liberty-global-europe-bv
partnership,https://www.weforum.org/organizations/lippo-group
partnership,https://www.weforum.org/organizations/lloyds-banking-group-plc
partnership,https://www.weforum.org/organizations/london-stock-exchange-group
partnership,https://www.weforum.org/organizations/louis-dreyfus-group
partnership,https://www.weforum.org/organizations/manchester-united
partnership,https://www.weforum.org/organizations/manulife-financial
partnership,https://www.weforum.org/organizations/marriott-international-inc
partnership,https://www.weforum.org/organizations/mayo-clinic
partnership,https://www.weforum.org/organizations/medtronic-inc
partnership,https://www.weforum.org/organizations/mitsubishi-chemical-holdings-corporation
partnership,https://www.weforum.org/organizations/mitsui-co-ltd
partnership,https://www.weforum.org/organizations/mitsui-o-s-k-lines-f2c3f37177
partnership,https://www.weforum.org/organizations/mizuho-financial-group-inc
partnership,https://www.weforum.org/organizations/moelis-company
partnership,https://www.weforum.org/organizations/misk
partnership,https://www.weforum.org/organizations/mori-building-co-ltd
partnership,https://www.weforum.org/organizations/msd
partnership,https://www.weforum.org/organizations/mtn-group
partnership,https://www.weforum.org/organizations/mtr-corporation
partnership,https://www.weforum.org/organizations/the-bank-of-tokyo-mitsubishi-ufj-ltd
partnership,https://www.weforum.org/organizations/multichoice-group
partnership,https://www.weforum.org/organizations/nasdaq-inc
partnership,https://www.weforum.org/organizations/naspers-limited
partnership,https://www.weforum.org/organizations/naturgy
partnership,https://www.weforum.org/organizations/nec-corporation
partnership,https://www.weforum.org/organizations/neom
partnership,https://www.weforum.org/organizations/neusoft-corporation
partnership,https://www.weforum.org/organizations/the-new-york-times
partnership,https://www.weforum.org/organizations/newmont-mining-corporation
partnership,https://www.weforum.org/organizations/nielsen
partnership,https://www.weforum.org/organizations/nikkei-inc
partnership,https://www.weforum.org/organizations/nomura-holdings-inc
partnership,https://www.weforum.org/organizations/nutrien
partnership,https://www.weforum.org/organizations/nyse
partnership,https://www.weforum.org/organizations/ocp-group
partnership,https://www.weforum.org/organizations/oerlikon-management
partnership,https://www.weforum.org/organizations/olayan-financing-company
partnership,https://www.weforum.org/organizations/old-mutual-2ebc7418-7da0-4281-8a1a-15cdb32b6d9c
partnership,https://www.weforum.org/organizations/omnicom-group-inc
partnership,https://www.weforum.org/organizations/ontario-teachers-pension-plan
partnership,https://www.weforum.org/organizations/orsted
partnership,https://www.weforum.org/organizations/pag
partnership,https://www.weforum.org/organizations/panasonic-connect
partnership,https://www.weforum.org/organizations/pensiondanmark
partnership,https://www.weforum.org/organizations/permira-advisers-llp
partnership,https://www.weforum.org/organizations/the-perot-companies
partnership,https://www.weforum.org/organizations/petronas-petroliam-nasional
partnership,https://www.weforum.org/organizations/pg-e
partnership,https://www.weforum.org/organizations/pladis-foods
partnership,https://www.weforum.org/organizations/posco-holdings
partnership,https://www.weforum.org/organizations/ppf-group
partnership,https://www.weforum.org/organizations/pzu
partnership,https://www.weforum.org/organizations/qfc
partnership,https://www.weforum.org/organizations/qi-group
partnership,https://www.weforum.org/organizations/rbc-financial-group
partnership,https://www.weforum.org/organizations/recruit-holdings-co
partnership,https://www.weforum.org/organizations/repsol-sa
partnership,https://www.weforum.org/organizations/rge-pte-ltd
partnership,https://www.weforum.org/organizations/rio-tinto-plc
partnership,https://www.weforum.org/organizations/rmz-corp
partnership,https://www.weforum.org/organizations/robert-bosch-gmbh
partnership,https://www.weforum.org/organizations/rockwell-automation
partnership,https://www.weforum.org/organizations/sabanci-holding
partnership,https://www.weforum.org/organizations/sanofi
partnership,https://www.weforum.org/organizations/saudi-arabian-mining-company-maaden
partnership,https://www.weforum.org/organizations/saudi-electricity-company-sec
partnership,https://www.weforum.org/organizations/serum-institute-of-india-ltd
partnership,https://www.weforum.org/organizations/servicenow
partnership,https://www.weforum.org/organizations/shein
partnership,https://www.weforum.org/organizations/sicpa-holding-sa
partnership,https://www.weforum.org/organizations/siemens-energy
partnership,https://www.weforum.org/organizations/philips-lighting
partnership,https://www.weforum.org/organizations/silver-lake-154e4818-cccf-4909-b57e-28d64df19f40
partnership,https://www.weforum.org/organizations/singapore-economic-development-board
partnership,https://www.weforum.org/organizations/skybridge-capital
partnership,https://www.weforum.org/organizations/sm-investments-corporation
partnership,https://www.weforum.org/organizations/snc-lavalin-group-inc
partnership,https://www.weforum.org/organizations/solvay-sa
partnership,https://www.weforum.org/organizations/sompo-holdings
partnership,https://www.weforum.org/organizations/splunk
partnership,https://www.weforum.org/organizations/state-grid-corporation-of-china
partnership,https://www.weforum.org/organizations/state-oil-fund-of-the-republic-of-azerbaijan-sofaz
partnership,https://www.weforum.org/organizations/state-street-corporation
partnership,https://www.weforum.org/organizations/saudi-telecom-group
partnership,https://www.weforum.org/organizations/sumitomo-corporation
partnership,https://www.weforum.org/organizations/sumitomo-mitsui-financial-group-smfg
partnership,https://www.weforum.org/organizations/sysco
partnership,https://www.weforum.org/organizations/tamer-group
partnership,https://www.weforum.org/organizations/tata-sons-ltd
partnership,https://www.weforum.org/organizations/tcl-corporation
partnership,https://www.weforum.org/organizations/td-bank-group
partnership,https://www.weforum.org/organizations/technogym-spa
partnership,https://www.weforum.org/organizations/telefonica-sa
partnership,https://www.weforum.org/organizations/telenor-asa
partnership,https://www.weforum.org/organizations/teneo-holdings
partnership,https://www.weforum.org/organizations/thai-beverage
partnership,https://www.weforum.org/organizations/kirkbi
partnership,https://www.weforum.org/organizations/total
partnership,https://www.weforum.org/organizations/ctrip-com
partnership,https://www.weforum.org/organizations/unicredit-spa
partnership,https://www.weforum.org/organizations/unison-capital-inc
partnership,https://www.weforum.org/organizations/vale
partnership,https://www.weforum.org/organizations/varo
partnership,https://www.weforum.org/organizations/vattenfall-ab
partnership,https://www.weforum.org/organizations/vedanta-resources
partnership,https://www.weforum.org/organizations/velux
partnership,https://www.weforum.org/organizations/vestas-wind-systems-a-s
partnership,https://www.weforum.org/organizations/viking-global-investors-lp
partnership,https://www.weforum.org/organizations/volvo-car-corporation
partnership,https://www.weforum.org/organizations/wal-mart-stores-inc
partnership,https://www.weforum.org/organizations/wesfarmers-limited
partnership,https://www.weforum.org/organizations/western-digital
partnership,https://www.weforum.org/organizations/worldquant-llc
partnership,https://www.weforum.org/organizations/accumulus-tianjin-sharing-economy-information-consulting
partnership,https://www.weforum.org/organizations/zenith-bank-plc
partnership,https://www.weforum.org/organizations/zoom
associate partnership,https://www.weforum.org/organizations/abdul-latif-jameel
associate partnership,https://www.weforum.org/organizations/aboitiz-equity-ventures
associate partnership,https://www.weforum.org/organizations/abu-dhabi-national-oil-company-adnoc
associate partnership,https://www.weforum.org/organizations/acwa-power
associate partnership,https://www.weforum.org/organizations/adq
associate partnership,https://www.weforum.org/organizations/advantage-partners-inc
associate partnership,https://www.weforum.org/organizations/aegon-nv
associate partnership,https://www.weforum.org/organizations/aes-corporation
associate partnership,https://www.weforum.org/organizations/agilent
associate partnership,https://www.weforum.org/organizations/agricultural-bank-of-china
associate partnership,https://www.weforum.org/organizations/air-liquide-sa
associate partnership,https://www.weforum.org/organizations/al-nowais-investments
associate partnership,https://www.weforum.org/organizations/alberta-investment-management-corporation-aimco
associate partnership,https://www.weforum.org/organizations/algebris-investments-uk-llp
associate partnership,https://www.weforum.org/organizations/algihaz
associate partnership,https://www.weforum.org/organizations/alliance-global-group
associate partnership,https://www.weforum.org/organizations/alsara-investment-group
associate partnership,https://www.weforum.org/organizations/alshaya-group
associate partnership,https://www.weforum.org/organizations/amanat-holdings
associate partnership,https://www.weforum.org/organizations/amara-raja-group-of-companies
associate partnership,https://www.weforum.org/organizations/amcor
associate partnership,https://www.weforum.org/organizations/america-movil-sab-de-cv
associate partnership,https://www.weforum.org/organizations/american-heart-association
associate partnership,https://www.weforum.org/organizations/ana-holdings-inc
associate partnership,https://www.weforum.org/organizations/animoca-brands
associate partnership,https://www.weforum.org/organizations/apco-worldwide
associate partnership,https://www.weforum.org/organizations/apex-brasil-trade-and-investment-promotion-agency
associate partnership,https://www.weforum.org/organizations/apg-asset-management
associate partnership,https://www.weforum.org/organizations/apollo-hospitals-entreprise
associate partnership,https://www.weforum.org/organizations/ariston-thermo-spa
associate partnership,https://www.weforum.org/organizations/arup-group-ltd
associate partnership,https://www.weforum.org/organizations/astra
associate partnership,https://www.weforum.org/organizations/astranis
associate partnership,https://www.weforum.org/organizations/augury
associate partnership,https://www.weforum.org/organizations/aurobindo-pharma
associate partnership,https://www.weforum.org/organizations/automatic-data-processing-adp
associate partnership,https://www.weforum.org/organizations/aveva-group
associate partnership,https://www.weforum.org/organizations/avison-young
associate partnership,https://www.weforum.org/organizations/axis-bank
associate partnership,https://www.weforum.org/organizations/ayala-corporation
associate partnership,https://www.weforum.org/organizations/aydem-enerji
associate partnership,https://www.weforum.org/organizations/bahrain-petroleum-company
associate partnership,https://www.weforum.org/organizations/bain-capital
associate partnership,https://www.weforum.org/organizations/baker-hughes
associate partnership,https://www.weforum.org/organizations/baker-mckenzie
associate partnership,https://www.weforum.org/organizations/bakrie-brothers
associate partnership,https://www.weforum.org/organizations/banco-safra-brasil
associate partnership,https://www.weforum.org/organizations/bangchak-petroleum
associate partnership,https://www.weforum.org/organizations/bangkok-bank
associate partnership,https://www.weforum.org/organizations/bank-lombard-odier-co-ltd
associate partnership,https://www.weforum.org/organizations/pt-bank-mandiri-persero-tbk
associate partnership,https://www.weforum.org/organizations/bank-of-china
associate partnership,https://www.weforum.org/organizations/banque-saudi-fransi-bsf
associate partnership,https://www.weforum.org/organizations/baofeng-group
associate partnership,https://www.weforum.org/organizations/benevolentai
associate partnership,https://www.weforum.org/organizations/beximco-group
associate partnership,https://www.weforum.org/organizations/bharat-forge-ltd
associate partnership,https://www.weforum.org/organizations/bidvest-group
associate partnership,https://www.weforum.org/organizations/bitkub
associate partnership,https://www.weforum.org/organizations/boodaicorp-company
associate partnership,https://www.weforum.org/organizations/brand-south-africa
associate partnership,https://www.weforum.org/organizations/brex
associate partnership,https://www.weforum.org/organizations/breyer-capital
associate partnership,https://www.weforum.org/organizations/broadridge-financial-solutions
associate partnership,https://www.weforum.org/organizations/byjus
associate partnership,https://www.weforum.org/organizations/candriam
associate partnership,https://www.weforum.org/organizations/celonis
associate partnership,https://www.weforum.org/organizations/cemex
associate partnership,https://www.weforum.org/organizations/cepsa
associate partnership,https://www.weforum.org/organizations/chengdu-xingcheng-investment-group
associate partnership,https://www.weforum.org/organizations/china-construction-bank
associate partnership,https://www.weforum.org/organizations/china-general-technology-group-holding
associate partnership,https://www.weforum.org/organizations/china-merchants-group
associate partnership,https://www.weforum.org/organizations/china-unionpay
associate partnership,https://www.weforum.org/organizations/citic-capital-holdings-limited
associate partnership,https://www.weforum.org/organizations/cj
associate partnership,https://www.weforum.org/organizations/claure-capital
associate partnership,https://www.weforum.org/organizations/cloudflare
associate partnership,https://www.weforum.org/organizations/cls-bank-international
associate partnership,https://www.weforum.org/organizations/coca-cola-hellenic-bottling-company
associate partnership,https://www.weforum.org/organizations/ii-vi
associate partnership,https://www.weforum.org/organizations/color
associate partnership,https://www.weforum.org/organizations/commonwealth-bank-of-australia
associate partnership,https://www.weforum.org/organizations/conde-nast
associate partnership,https://www.weforum.org/organizations/copenhagen-infrastructure-partners
associate partnership,https://www.weforum.org/organizations/coppel
associate partnership,https://www.weforum.org/organizations/corporacion-america
associate partnership,https://www.weforum.org/organizations/coursera
associate partnership,https://www.weforum.org/organizations/covington-burling
associate partnership,https://www.weforum.org/organizations/cox-enterprises
associate partnership,https://www.weforum.org/organizations/canada-pension-plan-investment-board
associate partnership,https://www.weforum.org/organizations/czd-holding
associate partnership,https://www.weforum.org/organizations/daesung-group
associate partnership,https://www.weforum.org/organizations/damac-properties
associate partnership,https://www.weforum.org/organizations/damen-shipyards-group
associate partnership,https://www.weforum.org/organizations/dana-gas-pjsc
associate partnership,https://www.weforum.org/organizations/dar-group
associate partnership,https://www.weforum.org/organizations/dcvc
associate partnership,https://www.weforum.org/organizations/desktop-metal
associate partnership,https://www.weforum.org/organizations/discovery
associate partnership,https://www.weforum.org/organizations/dnv-afc6343410
associate partnership,https://www.weforum.org/organizations/dow-jones-company
associate partnership,https://www.weforum.org/organizations/dr-reddys-ltd
associate partnership,https://www.weforum.org/organizations/dragos
associate partnership,https://www.weforum.org/organizations/drax-group
associate partnership,https://www.weforum.org/organizations/eastone-group
associate partnership,https://www.weforum.org/organizations/eczacibasi-holding
associate partnership,https://www.weforum.org/organizations/edenred
associate partnership,https://www.weforum.org/organizations/ovg-real-estate
associate partnership,https://www.weforum.org/organizations/elang-mahkota-teknologi-emtek
associate partnership,https://www.weforum.org/organizations/employees-provident-fund-epf
associate partnership,https://www.weforum.org/organizations/energy-impact-partners-lp
associate partnership,https://www.weforum.org/organizations/enquest-plc
associate partnership,https://www.weforum.org/organizations/eqt-partners-ab
associate partnership,https://www.weforum.org/organizations/essar-oil-uk
associate partnership,https://www.weforum.org/organizations/ezaki-glico
associate partnership,https://www.weforum.org/organizations/femsa
associate partnership,https://www.weforum.org/organizations/ferd
associate partnership,https://www.weforum.org/organizations/ferring-pharmaceuticals
associate partnership,https://www.weforum.org/organizations/ferrovial
associate partnership,https://www.weforum.org/organizations/fidelity-international
associate partnership,https://www.weforum.org/organizations/firstrand-ltd
associate partnership,https://www.weforum.org/organizations/flex
associate partnership,https://www.weforum.org/organizations/fortinet
associate partnership,https://www.weforum.org/organizations/fountainvest-partners-asia
associate partnership,https://www.weforum.org/organizations/foxconn-industrial-internet
associate partnership,https://www.weforum.org/organizations/fubon-financial-holding
associate partnership,https://www.weforum.org/organizations/galp-energia
associate partnership,https://www.weforum.org/organizations/gartner
associate partnership,https://www.weforum.org/organizations/gea-group
associate partnership,https://www.weforum.org/organizations/gecko-robotics
associate partnership,https://www.weforum.org/organizations/geox
associate partnership,https://www.weforum.org/organizations/gep
associate partnership,https://www.weforum.org/organizations/giti-group
associate partnership,https://www.weforum.org/organizations/globis-corporation
associate partnership,https://www.weforum.org/organizations/gloria
associate partnership,https://www.weforum.org/organizations/godrej-industries-ltd
associate partnership,https://www.weforum.org/organizations/goldentree-asset-management
associate partnership,https://www.weforum.org/organizations/government-of-flanders
associate partnership,https://www.weforum.org/organizations/grab
associate partnership,https://www.weforum.org/organizations/greenoaks-capital
associate partnership,https://www.weforum.org/organizations/groupe-bpce
associate partnership,https://www.weforum.org/organizations/grundfos
associate partnership,https://www.weforum.org/organizations/grupo-bal
associate partnership,https://www.weforum.org/organizations/grupo-isa
associate partnership,https://www.weforum.org/organizations/grupo-mega
associate partnership,https://www.weforum.org/organizations/gs-holdings
associate partnership,https://www.weforum.org/organizations/guangzhou-automobile-industry-group-co
associate partnership,https://www.weforum.org/organizations/guggenheim-partners-llc
associate partnership,https://www.weforum.org/organizations/h-m-hennes-mauritz
associate partnership,https://www.weforum.org/organizations/hackensack-meridian-health
associate partnership,https://www.weforum.org/organizations/heathrow-airport
associate partnership,https://www.weforum.org/organizations/hellman-friedman
associate partnership,https://www.weforum.org/organizations/henkel-ag-co-kgaa
associate partnership,https://www.weforum.org/organizations/hepsiburada
associate partnership,https://www.weforum.org/organizations/hess-corporation
associate partnership,https://www.weforum.org/organizations/hikma-pharmaceuticals-plc
associate partnership,https://www.weforum.org/organizations/holtzbrinck-publishing-group
associate partnership,https://www.weforum.org/organizations/honda-motor
associate partnership,https://www.weforum.org/organizations/hayel-saeed-anam-group-of-companies-hsa-group
associate partnership,https://www.weforum.org/organizations/huma
associate partnership,https://www.weforum.org/organizations/hunt-oil-company
associate partnership,https://www.weforum.org/organizations/hyosung-group
associate partnership,https://www.weforum.org/organizations/ideo-llc
associate partnership,https://www.weforum.org/organizations/ihlas-holding-sa
associate partnership,https://www.weforum.org/organizations/illycaffe-spa
associate partnership,https://www.weforum.org/organizations/indigo-agriculture
associate partnership,https://www.weforum.org/organizations/pt-indika-energy-tbk
associate partnership,https://www.weforum.org/organizations/indofood
associate partnership,https://www.weforum.org/organizations/industrial-and-commercial-bank-of-china-icbc
associate partnership,https://www.weforum.org/organizations/inox-group
associate partnership,https://www.weforum.org/organizations/international-container-terminal-services-inc-ictsi
associate partnership,https://www.weforum.org/organizations/investissement-quebec
associate partnership,https://www.weforum.org/organizations/ivita-health
associate partnership,https://www.weforum.org/organizations/safra-group
associate partnership,https://www.weforum.org/organizations/japan-external-trade-organization-jetro
associate partnership,https://www.weforum.org/organizations/jg-summit-holdings
associate partnership,https://www.weforum.org/organizations/johannesburg-stock-exchange
associate partnership,https://www.weforum.org/organizations/john-keells-holdings
associate partnership,https://www.weforum.org/organizations/johnson-controls-inc
associate partnership,https://www.weforum.org/organizations/johnson-matthey
associate partnership,https://www.weforum.org/organizations/js-group
associate partnership,https://www.weforum.org/organizations/juffali-and-brothers
associate partnership,https://www.weforum.org/organizations/kcap-holdings
associate partnership,https://www.weforum.org/organizations/kikkoman-corporation
associate partnership,https://www.weforum.org/organizations/kingdom-holding-co
associate partnership,https://www.weforum.org/organizations/kraneshares
associate partnership,https://www.weforum.org/organizations/kuwait-industries
associate partnership,https://www.weforum.org/organizations/lawson-inc
associate partnership,https://www.weforum.org/organizations/lek-consulting
associate partnership,https://www.weforum.org/organizations/lenovo-hk-services-ltd
associate partnership,https://www.weforum.org/organizations/limak-holding
associate partnership,https://www.weforum.org/organizations/lockheed-martin-corporation
associate partnership,https://www.weforum.org/organizations/luma-bio
associate partnership,https://www.weforum.org/organizations/lvmh-moet-hennessy-louis-vuitton
associate partnership,https://www.weforum.org/organizations/lyondellbasell
associate partnership,https://www.weforum.org/organizations/maekyung-media-group
associate partnership,https://www.weforum.org/organizations/magic-leap
associate partnership,https://www.weforum.org/organizations/mayfield-fund
associate partnership,https://www.weforum.org/organizations/mcdermott-international
associate partnership,https://www.weforum.org/organizations/medable
associate partnership,https://www.weforum.org/organizations/mercuria-energy-group-holding-sa
associate partnership,https://www.weforum.org/organizations/meridiam-infrastructure
associate partnership,https://www.weforum.org/organizations/mitsui-chemicals
associate partnership,https://www.weforum.org/organizations/mks-switzerland-sa
associate partnership,https://www.weforum.org/organizations/moderna-therapeutics
associate partnership,https://www.weforum.org/organizations/morgan-lewis
associate partnership,https://www.weforum.org/organizations/motive-partners
associate partnership,https://www.weforum.org/organizations/mott-macdonald
associate partnership,https://www.weforum.org/organizations/atlantia
associate partnership,https://www.weforum.org/organizations/njsc-naftogaz-of-ukraine
associate partnership,https://www.weforum.org/organizations/nax-group
associate partnership,https://www.weforum.org/organizations/nedbank-group
associate partnership,https://www.weforum.org/organizations/network-for-teaching-entrepreneurship-nfte
associate partnership,https://www.weforum.org/organizations/newcleo
associate partnership,https://www.weforum.org/organizations/nn-group
associate partnership,https://www.weforum.org/organizations/noom
associate partnership,https://www.weforum.org/organizations/nordvpn
associate partnership,https://www.weforum.org/organizations/north-island
associate partnership,https://www.weforum.org/organizations/ntpc
associate partnership,https://www.weforum.org/organizations/nv-investments
associate partnership,https://www.weforum.org/organizations/oaknorth
associate partnership,https://www.weforum.org/organizations/oando-plc
associate partnership,https://www.weforum.org/organizations/ominvest
associate partnership,https://www.weforum.org/organizations/omv
associate partnership,https://www.weforum.org/organizations/orano
associate partnership,https://www.weforum.org/organizations/organon
associate partnership,https://www.weforum.org/organizations/palo-alto-networks
associate partnership,https://www.weforum.org/organizations/pathfinder-group
associate partnership,https://www.weforum.org/organizations/paytm
associate partnership,https://www.weforum.org/organizations/pegasystems
associate partnership,https://www.weforum.org/organizations/permodalan-nasional
associate partnership,https://www.weforum.org/organizations/pictet-group
associate partnership,https://www.weforum.org/organizations/planet-labs
associate partnership,https://www.weforum.org/organizations/antwerp-port-authority
associate partnership,https://www.weforum.org/organizations/project44
associate partnership,https://www.weforum.org/organizations/psa-international
associate partnership,https://www.weforum.org/organizations/psp-investments
associate partnership,https://www.weforum.org/organizations/ptt-public-company-limited
associate partnership,https://www.weforum.org/organizations/qatar-national-bank
associate partnership,https://www.weforum.org/organizations/qiagen-nv
associate partnership,https://www.weforum.org/organizations/quexco-inc
associate partnership,https://www.weforum.org/organizations/rakuten
associate partnership,https://www.weforum.org/organizations/polo-ralph-lauren-corp
associate partnership,https://www.weforum.org/organizations/randon-companies
associate partnership,https://www.weforum.org/organizations/randstad-holding
associate partnership,https://www.weforum.org/organizations/reech
associate partnership,https://www.weforum.org/organizations/renaissancere-holdings
associate partnership,https://www.weforum.org/organizations/renew-power
associate partnership,https://www.weforum.org/organizations/ringier
associate partnership,https://www.weforum.org/organizations/ripple
associate partnership,https://www.weforum.org/organizations/roche
associate partnership,https://www.weforum.org/organizations/roland-berger-holding-gmbh
associate partnership,https://www.weforum.org/organizations/al-ula
associate partnership,https://www.weforum.org/organizations/royal-vopak
associate partnership,https://www.weforum.org/organizations/ruder-finn
associate partnership,https://www.weforum.org/organizations/russell-reynolds-associates
associate partnership,https://www.weforum.org/organizations/rwe
associate partnership,https://www.weforum.org/organizations/s4capital
associate partnership,https://www.weforum.org/organizations/the-samuel-group
associate partnership,https://www.weforum.org/organizations/san-miguel-corporation
associate partnership,https://www.weforum.org/organizations/sandboxaq
associate partnership,https://www.weforum.org/organizations/saudi-industrial-development-fund
associate partnership,https://www.weforum.org/organizations/saudi-national-bank
associate partnership,https://www.weforum.org/organizations/scale-ai
associate partnership,https://www.weforum.org/organizations/sealed-air
associate partnership,https://www.weforum.org/organizations/sekunjalo-investment-holdings-pty-limited
associate partnership,https://www.weforum.org/organizations/sg-holdings
associate partnership,https://www.weforum.org/organizations/siam-cement-group
associate partnership,https://www.weforum.org/organizations/gamesa-corporacion-tecnologica-sa
associate partnership,https://www.weforum.org/organizations/siemens-healthineers
associate partnership,https://www.weforum.org/organizations/sino-group
associate partnership,https://www.weforum.org/organizations/six-group
associate partnership,https://www.weforum.org/organizations/skillsoft
associate partnership,https://www.weforum.org/organizations/schlumberger
associate partnership,https://www.weforum.org/organizations/solaredge
associate partnership,https://www.weforum.org/organizations/solugen
associate partnership,https://www.weforum.org/organizations/sonae-sa
associate partnership,https://www.weforum.org/organizations/state-bank-of-india
associate partnership,https://www.weforum.org/organizations/state-farm-mutual-automobile-insurance-companies
associate partnership,https://www.weforum.org/organizations/stellar-development-foundation
associate partnership,https://www.weforum.org/organizations/stena-ab
associate partnership,https://www.weforum.org/organizations/stifel-financial
associate partnership,https://www.weforum.org/organizations/suez
associate partnership,https://www.weforum.org/organizations/sun-pharmaceutical-industries
associate partnership,https://www.weforum.org/organizations/swiss-bank-of-geneva-bcge
associate partnership,https://www.weforum.org/organizations/swiss-international-air-lines-ltd
associate partnership,https://www.weforum.org/organizations/syngenta-group
associate partnership,https://www.weforum.org/organizations/teleperformance
associate partnership,https://www.weforum.org/organizations/tencent-holdings
associate partnership,https://www.weforum.org/organizations/estee-lauder
associate partnership,https://www.weforum.org/organizations/thermo-fisher-scientific-inc
associate partnership,https://www.weforum.org/organizations/tillman-global-holdings-llc
associate partnership,https://www.weforum.org/organizations/time
associate partnership,https://www.weforum.org/organizations/titan-cement-company
associate partnership,https://www.weforum.org/organizations/tno
associate partnership,https://www.weforum.org/organizations/tokio-marine-holdings
associate partnership,https://www.weforum.org/organizations/tony-blair-institute-for-global-change
associate partnership,https://www.weforum.org/organizations/tosyali-holding-a-s
associate partnership,https://www.weforum.org/organizations/toyota-motor-corporation
associate partnership,https://www.weforum.org/organizations/trade-and-development-bank-of-mongolia
associate partnership,https://www.weforum.org/organizations/tradeshift
associate partnership,https://www.weforum.org/organizations/trane-technologies
associate partnership,https://www.weforum.org/organizations/tree-energy-solutions-tes-h2
associate partnership,https://www.weforum.org/organizations/trellix
associate partnership,https://www.weforum.org/organizations/tsingtao-brewery-co-ltd
associate partnership,https://www.weforum.org/organizations/turkish-wealth-fund
associate partnership,https://www.weforum.org/organizations/tvs-group
associate partnership,https://www.weforum.org/organizations/ul
associate partnership,https://www.weforum.org/organizations/unico
associate partnership,https://www.weforum.org/organizations/unipol-gruppo-finanziario
associate partnership,https://www.weforum.org/organizations/unitel
associate partnership,https://www.weforum.org/organizations/vital-capital-fund
associate partnership,https://www.weforum.org/organizations/voyager-space-holdings
associate partnership,https://www.weforum.org/organizations/vsp-global
associate partnership,https://www.weforum.org/organizations/web-3-0-technologies-foundation
associate partnership,https://www.weforum.org/organizations/williams-sonoma
associate partnership,https://www.weforum.org/organizations/world-fuel-services
associate partnership,https://www.weforum.org/organizations/worley
associate partnership,https://www.weforum.org/organizations/xiaomi
associate partnership,https://www.weforum.org/organizations/guangzhou-yuexiu-holding
associate partnership,https://www.weforum.org/organizations/zf-friedrichshafen
associate partnership,https://www.weforum.org/organizations/zs
platform partner,https://www.weforum.org/organizations/aegea
platform partner,https://www.weforum.org/organizations/african-risk-capacity-arc
platform partner,https://www.weforum.org/organizations/aib-group
platform partner,https://www.weforum.org/organizations/airbus
platform partner,https://www.weforum.org/organizations/american-express-global-business-travel
platform partner,https://www.weforum.org/organizations/apedb
platform partner,https://www.weforum.org/organizations/appen
platform partner,https://www.weforum.org/organizations/archer-materials
platform partner,https://www.weforum.org/organizations/asimco-technology
platform partner,https://www.weforum.org/organizations/banco-nacional-de-panama-banconal
platform partner,https://www.weforum.org/organizations/bgk
platform partner,https://www.weforum.org/organizations/bank-of-industry
platform partner,https://www.weforum.org/organizations/beximco-group
platform partner,https://www.weforum.org/organizations/biotechnology-innovation-organization
platform partner,https://www.weforum.org/organizations/brandi
platform partner,https://www.weforum.org/organizations/colgate-palmolive
platform partner,https://www.weforum.org/organizations/commercial-international-bank-cib
platform partner,https://www.weforum.org/organizations/consello-llc
platform partner,https://www.weforum.org/organizations/culture-amp
platform partner,https://www.weforum.org/organizations/cyberark
platform partner,https://www.weforum.org/organizations/dairy-management
platform partner,https://www.weforum.org/organizations/dnv-afc6343410
platform partner,https://www.weforum.org/organizations/eastern-networks-eastnets
platform partner,https://www.weforum.org/organizations/eden-global-partners
platform partner,https://www.weforum.org/organizations/edward-jones
platform partner,https://www.weforum.org/organizations/etoro
platform partner,https://www.weforum.org/organizations/fluxys
platform partner,https://www.weforum.org/organizations/frontiers-open-access-journals
platform partner,https://www.weforum.org/organizations/fuelcell-energy
platform partner,https://www.weforum.org/organizations/garrett-motion
platform partner,https://www.weforum.org/organizations/grayscale-investments-llc
platform partner,https://www.weforum.org/organizations/guangdong-galanz-enterprise-group
platform partner,https://www.weforum.org/organizations/guidance
platform partner,https://www.weforum.org/organizations/integral-petroleum
platform partner,https://www.weforum.org/organizations/international-centre-for-industrial-transformation
platform partner,https://www.weforum.org/organizations/invest-ottawa
platform partner,https://www.weforum.org/organizations/jabil-circuit-guangzhou
platform partner,https://www.weforum.org/organizations/jahez
platform partner,https://www.weforum.org/organizations/jera
platform partner,https://www.weforum.org/organizations/jetline-group-of-companies
platform partner,https://www.weforum.org/organizations/kaltroco
platform partner,https://www.weforum.org/organizations/king-faisal-specialist-hospital-and-research-centre
platform partner,https://www.weforum.org/organizations/kyndryl
platform partner,https://www.weforum.org/organizations/lamar-holding
platform partner,https://www.weforum.org/organizations/leaseplan
platform partner,https://www.weforum.org/organizations/lenovo-hk-services-ltd
platform partner,https://www.weforum.org/organizations/longi-green-energy-technology-co
platform partner,https://www.weforum.org/organizations/maharashtra-institution-for-transformation-mitra
platform partner,https://www.weforum.org/organizations/mari-petroleum-company-limited
platform partner,https://www.weforum.org/organizations/midea-group
platform partner,https://www.weforum.org/organizations/natura-co
platform partner,https://www.weforum.org/organizations/neom
platform partner,https://www.weforum.org/organizations/neste
platform partner,https://www.weforum.org/organizations/nrf
platform partner,https://www.weforum.org/organizations/nuclearelectrica
platform partner,https://www.weforum.org/organizations/asyad-group
platform partner,https://www.weforum.org/organizations/omers
platform partner,https://www.weforum.org/organizations/petroleo-brasileiro-sa-petrobras
platform partner,https://www.weforum.org/organizations/pharco
platform partner,https://www.weforum.org/organizations/qatar-development-bank
platform partner,https://www.weforum.org/organizations/robinhood
platform partner,https://www.weforum.org/organizations/scan-global-logistics
platform partner,https://www.weforum.org/organizations/ses-imagotag
platform partner,https://www.weforum.org/organizations/saudi-information-technology-company
platform partner,https://www.weforum.org/organizations/south-african-reserve-bank-sarb
platform partner,https://www.weforum.org/organizations/svolt-energy-technology
platform partner,https://www.weforum.org/organizations/tae-technologies
platform partner,https://www.weforum.org/organizations/ipa-qatar
platform partner,https://www.weforum.org/organizations/therme-group
platform partner,https://www.weforum.org/organizations/haldor-topsoe-a-s
platform partner,https://www.weforum.org/organizations/turkish-employers-association-of-metal-industries-mess
platform partner,https://www.weforum.org/organizations/tuv-sud
platform partner,https://www.weforum.org/organizations/ups
platform partner,https://www.weforum.org/organizations/verisk-analytics
platform partner,https://www.weforum.org/organizations/zorgverzekeraar-vgz
platform partner,https://www.weforum.org/organizations/xylem
platform partner,https://www.weforum.org/organizations/yatsen-global
platform partner,https://www.weforum.org/organizations/changsha-zoomlion-heavy-industry-science-technology-development
new champions,https://www.weforum.org/organizations/agroamerica
new champions,https://www.weforum.org/organizations/sakr-group
new champions,https://www.weforum.org/organizations/allied-bank
new champions,https://www.weforum.org/organizations/anglobal
new champions,https://www.weforum.org/organizations/aparna-enterprises
new champions,https://www.weforum.org/organizations/apriori-technologies
new champions,https://www.weforum.org/organizations/asia-world-group
new champions,https://www.weforum.org/organizations/asistensi
new champions,https://www.weforum.org/organizations/aso-corporation
new champions,https://www.weforum.org/organizations/aster-dm-healthcare
new champions,https://www.weforum.org/organizations/aurec-capital-group
new champions,https://www.weforum.org/organizations/axtria
new champions,https://www.weforum.org/organizations/bacalia-group
new champions,https://www.weforum.org/organizations/bank-of-qingdao
new champions,https://www.weforum.org/organizations/ankorgaz
new champions,https://www.weforum.org/organizations/blendhub
new champions,https://www.weforum.org/organizations/bloomage-biotechnology
new champions,https://www.weforum.org/organizations/blue-horizon-international
new champions,https://www.weforum.org/organizations/brunswick-group
new champions,https://www.weforum.org/organizations/bsi
new champions,https://www.weforum.org/organizations/bts-group
new champions,https://www.weforum.org/organizations/byco-petroleum-pakistan
new champions,https://www.weforum.org/organizations/carson-cumberbatch
new champions,https://www.weforum.org/organizations/codewise
new champions,https://www.weforum.org/organizations/ch-karnchang-public-company-limited-ck
new champions,https://www.weforum.org/organizations/genki-forest-beijing-food-co-ltd
new champions,https://www.weforum.org/organizations/chiba-bank
new champions,https://www.weforum.org/organizations/china-bohai-bank
new champions,https://www.weforum.org/organizations/chindata-group
new champions,https://www.weforum.org/organizations/chip-mong-group
new champions,https://www.weforum.org/organizations/climatepartner
new champions,https://www.weforum.org/organizations/coyote-bioscience
new champions,https://www.weforum.org/organizations/crown-agents-bank
new champions,https://www.weforum.org/organizations/dabur-india-ltd
new champions,https://www.weforum.org/organizations/dalberg
new champions,https://www.weforum.org/organizations/dalian-bingshan-group-co-dbgc
new champions,https://www.weforum.org/organizations/dalian-commodity-exchange
new champions,https://www.weforum.org/organizations/dalian-pengsheng-group
new champions,https://www.weforum.org/organizations/58-daojia
new champions,https://www.weforum.org/organizations/dataminr
new champions,https://www.weforum.org/organizations/datvietvac-group-holdings
new champions,https://www.weforum.org/organizations/descon
new champions,https://www.weforum.org/organizations/dmsca-supplier-development-foundation
new champions,https://www.weforum.org/organizations/eastgarden-international-group
new champions,https://www.weforum.org/organizations/elite-prep
new champions,https://www.weforum.org/organizations/execonline
new champions,https://www.weforum.org/organizations/explorance
new champions,https://www.weforum.org/organizations/far-east-holding-group
new champions,https://www.weforum.org/organizations/fingerprint-cards
new champions,https://www.weforum.org/organizations/flottweg
new champions,https://www.weforum.org/organizations/fohoway-tianjin-pharmaceutical
new champions,https://www.weforum.org/organizations/fsn-capital-partners
new champions,https://www.weforum.org/organizations/gemini-corporation
new champions,https://www.weforum.org/organizations/graphjet-technology
new champions,https://www.weforum.org/organizations/green-delta-insurance-company
new champions,https://www.weforum.org/organizations/greiner-holding
new champions,https://www.weforum.org/organizations/guardant-health
new champions,https://www.weforum.org/organizations/h3c
new champions,https://www.weforum.org/organizations/hengchang-litong-investment-management-beijing-co
new champions,https://www.weforum.org/organizations/holman-enterprises
new champions,https://www.weforum.org/organizations/honoris-united-universities
new champions,https://www.weforum.org/organizations/hubner-gmbh
new champions,https://www.weforum.org/organizations/imperial-logistics
new champions,https://www.weforum.org/organizations/in4-os-us
new champions,https://www.weforum.org/organizations/jetex-flight-support
new champions,https://www.weforum.org/organizations/kaizen-institute-consulting-group
new champions,https://www.weforum.org/organizations/kale-group
new champions,https://www.weforum.org/organizations/keidanren-japan-business-federation
new champions,https://www.weforum.org/organizations/king-wood-mallesons
new champions,https://www.weforum.org/organizations/kois-invest
new champions,https://www.weforum.org/organizations/lab49
new champions,https://www.weforum.org/organizations/manipal-health-enterprises
new champions,https://www.weforum.org/organizations/martin-dow-limited
new champions,https://www.weforum.org/organizations/meridian-corporation
new champions,https://www.weforum.org/organizations/midis-group
new champions,https://www.weforum.org/organizations/mozilla-corporation
new champions,https://www.weforum.org/organizations/nanban-esg-solutions
new champions,https://www.weforum.org/organizations/nash-india
new champions,https://www.weforum.org/organizations/nishith-desai-associates
new champions,https://www.weforum.org/organizations/oisix-daichi
new champions,https://www.weforum.org/organizations/optel-group
new champions,https://www.weforum.org/organizations/beijing-organic-and-beyond-corporation
new champions,https://www.weforum.org/organizations/palo-it-group
new champions,https://www.weforum.org/organizations/perfect-world
new champions,https://www.weforum.org/organizations/phongsavanh-bank
new champions,https://www.weforum.org/organizations/pinheiro-neto-advogados
new champions,https://www.weforum.org/organizations/power-dekor-group
new champions,https://www.weforum.org/organizations/puravankara-limited
new champions,https://www.weforum.org/organizations/qatar-financial-centre-regulatory-authority
new champions,https://www.weforum.org/organizations/quotient
new champions,https://www.weforum.org/organizations/remixpoint
new champions,https://www.weforum.org/organizations/responsible-cyber-pte-ltd
new champions,https://www.weforum.org/organizations/ricardo
new champions,https://www.weforum.org/organizations/risk-insights
new champions,https://www.weforum.org/organizations/rohto-pharmaceutical
new champions,https://www.weforum.org/organizations/septodont
new champions,https://www.weforum.org/organizations/shukun
new champions,https://www.weforum.org/organizations/sincerity-international-group
new champions,https://www.weforum.org/organizations/skypower
new champions,https://www.weforum.org/organizations/sun-finance-group
new champions,https://www.weforum.org/organizations/teamshares-inc
new champions,https://www.weforum.org/organizations/temenos
new champions,https://www.weforum.org/organizations/tianjin-jinbin-development-co
new champions,https://www.weforum.org/organizations/tradeasia-international
new champions,https://www.weforum.org/organizations/transcosmos
new champions,https://www.weforum.org/organizations/transport-corporation-of-india
new champions,https://www.weforum.org/organizations/u-earth
new champions,https://www.weforum.org/organizations/vda-legal-partners
new champions,https://www.weforum.org/organizations/verra
new champions,https://www.weforum.org/organizations/vf-worldwide-holdings
new champions,https://www.weforum.org/organizations/vibrant-energy
new champions,https://www.weforum.org/organizations/vietcombank
new champions,https://www.weforum.org/organizations/worldbridge
new champions,https://www.weforum.org/organizations/xenco-medical
new champions,https://www.weforum.org/organizations/zahid-group
new champions,https://www.weforum.org/organizations/zhongguancun-development-group
global innovators,https://www.weforum.org/organizations/3yourmind
global innovators,https://www.weforum.org/organizations/a-o-proptech
global innovators,https://www.weforum.org/organizations/aera-technology
global innovators,https://www.weforum.org/organizations/akselos-sa
global innovators,https://www.weforum.org/organizations/aleph-farms
global innovators,https://www.weforum.org/organizations/alesca-life
global innovators,https://www.weforum.org/organizations/altana-ai
global innovators,https://www.weforum.org/organizations/amogy
global innovators,https://www.weforum.org/organizations/antora-energy
global innovators,https://www.weforum.org/organizations/astroscale
global innovators,https://www.weforum.org/organizations/avanci
global innovators,https://www.weforum.org/organizations/avellino-labs
global innovators,https://www.weforum.org/organizations/bestpractice-ai
global innovators,https://www.weforum.org/organizations/bigspring
global innovators,https://www.weforum.org/organizations/black-lake
global innovators,https://www.weforum.org/organizations/brainbox-ai
global innovators,https://www.weforum.org/organizations/brightseed-bio
global innovators,https://www.weforum.org/organizations/the-cantellus-group
global innovators,https://www.weforum.org/organizations/canvass-ai
global innovators,https://www.weforum.org/organizations/casperlabs
global innovators,https://www.weforum.org/organizations/causalens
global innovators,https://www.weforum.org/organizations/complyadvantage
global innovators,https://www.weforum.org/organizations/contents-technologies
global innovators,https://www.weforum.org/organizations/crisp
global innovators,https://www.weforum.org/organizations/ctm360
global innovators,https://www.weforum.org/organizations/cujo-llc
global innovators,https://www.weforum.org/organizations/dataprophet
global innovators,https://www.weforum.org/organizations/dawex
global innovators,https://www.weforum.org/organizations/deepen
global innovators,https://www.weforum.org/organizations/dimanex
global innovators,https://www.weforum.org/organizations/dorae
global innovators,https://www.weforum.org/organizations/earli
global innovators,https://www.weforum.org/organizations/ellipsis-health
global innovators,https://www.weforum.org/organizations/embibe
global innovators,https://www.weforum.org/organizations/evermos
global innovators,https://www.weforum.org/organizations/fluxus
global innovators,https://www.weforum.org/organizations/fomo-pay-pte-ltd
global innovators,https://www.weforum.org/organizations/garrison
global innovators,https://www.weforum.org/organizations/ghgsat
global innovators,https://www.weforum.org/organizations/gloat
global innovators,https://www.weforum.org/organizations/guangzhishu-technology
global innovators,https://www.weforum.org/organizations/hurb
global innovators,https://www.weforum.org/organizations/ispace
global innovators,https://www.weforum.org/organizations/konux
global innovators,https://www.weforum.org/organizations/korber-digital
global innovators,https://www.weforum.org/organizations/lanzajet
global innovators,https://www.weforum.org/organizations/lanzatech
global innovators,https://www.weforum.org/organizations/ops-solutions
global innovators,https://www.weforum.org/organizations/magnix
global innovators,https://www.weforum.org/organizations/makinarocks
global innovators,https://www.weforum.org/organizations/mattermost
global innovators,https://www.weforum.org/organizations/modern-meadow-inc
global innovators,https://www.weforum.org/organizations/navvis
global innovators,https://www.weforum.org/organizations/netguru
global innovators,https://www.weforum.org/organizations/omnibot
global innovators,https://www.weforum.org/organizations/one-concern
global innovators,https://www.weforum.org/organizations/open-mineral-822320995d
global innovators,https://www.weforum.org/organizations/otorio
global innovators,https://www.weforum.org/organizations/post-quantum-shield
global innovators,https://www.weforum.org/organizations/chronocam
global innovators,https://www.weforum.org/organizations/pryon
global innovators,https://www.weforum.org/organizations/pure-harvest-smart-farms
global innovators,https://www.weforum.org/organizations/pymetrics-inc
global innovators,https://www.weforum.org/organizations/q-ctrl
global innovators,https://www.weforum.org/organizations/quantstamp
global innovators,https://www.weforum.org/organizations/quintessencelabs-pty-ltd
global innovators,https://www.weforum.org/organizations/redwing-labs
global innovators,https://www.weforum.org/organizations/retrain-ai
global innovators,https://www.weforum.org/organizations/safe-security
global innovators,https://www.weforum.org/organizations/sensoro
global innovators,https://www.weforum.org/organizations/settlemint
global innovators,https://www.weforum.org/organizations/sight-machine
global innovators,https://www.weforum.org/organizations/skynrg
global innovators,https://www.weforum.org/organizations/sourcemap
global innovators,https://www.weforum.org/organizations/space-perspective
global innovators,https://www.weforum.org/organizations/spectrum-labs
global innovators,https://www.weforum.org/organizations/spycloud
global innovators,https://www.weforum.org/organizations/suade-labs
global innovators,https://www.weforum.org/organizations/sunfire
global innovators,https://www.weforum.org/organizations/swing-mobility
global innovators,https://www.weforum.org/organizations/swoop-aero
global innovators,https://www.weforum.org/organizations/synthesia
global innovators,https://www.weforum.org/organizations/temedica
global innovators,https://www.weforum.org/organizations/the-exploration-company
global innovators,https://www.weforum.org/organizations/tradeteq
global innovators,https://www.weforum.org/organizations/trm-labs
global innovators,https://www.weforum.org/organizations/truepic
global innovators,https://www.weforum.org/organizations/uniphore
global innovators,https://www.weforum.org/organizations/versatile
global innovators,https://www.weforum.org/organizations/vertical-future
global innovators,https://www.weforum.org/organizations/vrdirect
global innovators,https://www.weforum.org/organizations/wingcopter
global innovators,https://www.weforum.org/organizations/yoti
global innovators,https://www.weforum.org/organizations/zapata-computing
unicorns,https://www.weforum.org/organizations/activefence
unicorns,https://www.weforum.org/organizations/ada-health
unicorns,https://www.weforum.org/organizations/airwallex
unicorns,https://www.weforum.org/organizations/apna
unicorns,https://www.weforum.org/organizations/automation-anywhere
unicorns,https://www.weforum.org/organizations/axiom-space
unicorns,https://www.weforum.org/organizations/beamery
unicorns,https://www.weforum.org/organizations/biofourmis
unicorns,https://www.weforum.org/organizations/blocpower
unicorns,https://www.weforum.org/organizations/boom-supersonic
unicorns,https://www.weforum.org/organizations/chainalysis
unicorns,https://www.weforum.org/organizations/checkr
unicorns,https://www.weforum.org/organizations/claroty
unicorns,https://www.weforum.org/organizations/copa-data
unicorns,https://www.weforum.org/organizations/copper
unicorns,https://www.weforum.org/organizations/crusoe
unicorns,https://www.weforum.org/organizations/datastax
unicorns,https://www.weforum.org/organizations/deel
unicorns,https://www.weforum.org/organizations/einride
unicorns,https://www.weforum.org/organizations/energyvision
unicorns,https://www.weforum.org/organizations/enpal
unicorns,https://www.weforum.org/organizations/exiger
unicorns,https://www.weforum.org/organizations/flock-freight
unicorns,https://www.weforum.org/organizations/formlabs
unicorns,https://www.weforum.org/organizations/globalization-partners
unicorns,https://www.weforum.org/organizations/games24x7
unicorns,https://www.weforum.org/organizations/greenlabs
unicorns,https://www.weforum.org/organizations/one-championship
unicorns,https://www.weforum.org/organizations/guild-education
unicorns,https://www.weforum.org/organizations/hedera
unicorns,https://www.weforum.org/organizations/hirotsu-bio-science-inc
unicorns,https://www.weforum.org/organizations/improbable
unicorns,https://www.weforum.org/organizations/inari-agriculture
unicorns,https://www.weforum.org/organizations/incode-technologies
unicorns,https://www.weforum.org/organizations/instacart
unicorns,https://www.weforum.org/organizations/iqm-quantum-computers
unicorns,https://www.weforum.org/organizations/jupiterone
unicorns,https://www.weforum.org/organizations/k-health
unicorns,https://www.weforum.org/organizations/lunit
unicorns,https://www.weforum.org/organizations/mammoth-biosciences
unicorns,https://www.weforum.org/organizations/maven-clinic
unicorns,https://www.weforum.org/organizations/mighty-buildings
unicorns,https://www.weforum.org/organizations/monzo-bank
unicorns,https://www.weforum.org/organizations/nexthink
unicorns,https://www.weforum.org/organizations/noname-security
unicorns,https://www.weforum.org/organizations/openweb
unicorns,https://www.weforum.org/organizations/one-826bb2798d
unicorns,https://www.weforum.org/organizations/deposit-solutions
unicorns,https://www.weforum.org/organizations/rescale-inc
unicorns,https://www.weforum.org/organizations/resilience
unicorns,https://www.weforum.org/organizations/scopely
unicorns,https://www.weforum.org/organizations/securityscorecard
unicorns,https://www.weforum.org/organizations/singlestore
unicorns,https://www.weforum.org/organizations/skycell
unicorns,https://www.weforum.org/organizations/spring-health
unicorns,https://www.weforum.org/organizations/staffbase
unicorns,https://www.weforum.org/organizations/svante
unicorns,https://www.weforum.org/organizations/tala
unicorns,https://www.weforum.org/organizations/tbm
unicorns,https://www.weforum.org/organizations/the-sandbox
unicorns,https://www.weforum.org/organizations/trade-republic
unicorns,https://www.weforum.org/organizations/trialspark
unicorns,https://www.weforum.org/organizations/tttech-auto-ag
unicorns,https://www.weforum.org/organizations/tulip-interfaces-inc
unicorns,https://www.weforum.org/organizations/velocity-global
unicorns,https://www.weforum.org/organizations/vindex
unicorns,https://www.weforum.org/organizations/viz
unicorns,https://www.weforum.org/organizations/volta-trucks
unicorns,https://www.weforum.org/organizations/watershed
unicorns,https://www.weforum.org/organizations/xendit
unicorns,https://www.weforum.org/organizations/ygg
unicorns,https://www.weforum.org/organizations/ynsect
unicorns,https://www.weforum.org/organizations/zap-energy
unicorns,https://www.weforum.org/organizations/zeroavia
unicorns,https://www.weforum.org/organizations/zum
strategic partnership,https://www.weforum.org/organizations/trafigura
